mins,area,time,Arc_lenght,hullArea,radius,roundness,roundness2,compact,eccentricity,leaf
41150,43.800857695236985,2017-11-29 13:50:00,227.90663504600525,1147.0,27.0,0.18483715898737452,0.27749767193523384,0.6660854402789886,0.7381358085308894,6
