mins,area,time,Arc_lenght,hullArea,radius,roundness,roundness2,compact,eccentricity,lNumWaSh,leaf
41155.0,43.800857695236985,2017-11-29 13:55:00,227.90663504600525,1147.0,27.0,0.18483715898737454,0.27749767193523384,0.6660854402789886,0.7381358085308894,,6
